{
  "aor": 0.0002900719424460431,
  "aqi": 0.005359106942446043,
  "bids_meta": {
    "AcquisitionNumber": 1,
    "AcquisitionTime": "11:49:12.652500",
    "BrainVoyagerInfo": {
      "AcquisitionTime": "114912.652500",
      "CalculatedDicomSlice1CenterX": -1.11236572265625,
      "CalculatedDicomSlice1CenterY": -37.60459899902344,
      "CalculatedDicomSlice1CenterZ": -78.43428039550781,
      "CalculatedDicomSliceNCenterX": -1.11236572265625,
      "CalculatedDicomSliceNCenterY": 19.484683990478516,
      "CalculatedDicomSliceNCenterZ": 35.57038497924805,
      "CoordinateSystem": 1,
      "DataStorageFormat": 2,
      "DataType": 2,
      "DicomColDirX": 0,
      "DicomColDirY": 0.8941542506217957,
      "DicomColDirZ": -0.44775909185409546,
      "DicomFoVCols": 210,
      "DicomFoVRows": 210,
      "DicomGapThickness": 0,
      "DicomNCols": 84,
      "DicomNRows": 84,
      "DicomPosInfoPresent": 1,
      "DicomRowDirX": 1,
      "DicomRowDirY": 0,
      "DicomRowDirZ": 0,
      "DicomSliceThickness": 2.5,
      "DocumentType": "FMR",
      "MultiBandSequence": true,
      "NrOfPastSpatialTransformations": 0,
      "NrOfPreprocessingSteps": 0,
      "NrOfSkippedVolumes": 0,
      "Protocol": {
        "Conditions": [
          {
            "ColorB": 255,
            "ColorG": 163,
            "ColorR": 255,
            "IntervalsFrom": [
              21,
              85,
              141,
              149,
              189,
              193,
              205,
              241,
              245
            ],
            "IntervalsTo": [
              21,
              85,
              141,
              149,
              189,
              193,
              205,
              241,
              245
            ],
            "Name": "Face_Left",
            "NrOfIntervals": 9
          },
          {
            "ColorB": 255,
            "ColorG": 0,
            "ColorR": 255,
            "IntervalsFrom": [
              29,
              33,
              61,
              73,
              125,
              129,
              153,
              181,
              237
            ],
            "IntervalsTo": [
              29,
              33,
              61,
              73,
              125,
              129,
              153,
              181,
              237
            ],
            "Name": "Face_Center",
            "NrOfIntervals": 9
          },
          {
            "ColorB": 95,
            "ColorG": 2,
            "ColorR": 187,
            "IntervalsFrom": [
              81,
              109,
              133,
              169,
              177,
              213,
              217,
              257
            ],
            "IntervalsTo": [
              81,
              109,
              133,
              169,
              177,
              213,
              217,
              257
            ],
            "Name": "Face_Right",
            "NrOfIntervals": 8
          },
          {
            "ColorB": 126,
            "ColorG": 255,
            "ColorR": 126,
            "IntervalsFrom": [
              17,
              41,
              53,
              69,
              89,
              93,
              101,
              173
            ],
            "IntervalsTo": [
              17,
              41,
              53,
              69,
              89,
              93,
              101,
              173
            ],
            "Name": "Hand_Left",
            "NrOfIntervals": 8
          },
          {
            "ColorB": 0,
            "ColorG": 199,
            "ColorR": 0,
            "IntervalsFrom": [
              37,
              49,
              57,
              77,
              121,
              145,
              221,
              249
            ],
            "IntervalsTo": [
              37,
              49,
              57,
              77,
              121,
              145,
              221,
              249
            ],
            "Name": "Hand_Center",
            "NrOfIntervals": 8
          },
          {
            "ColorB": 0,
            "ColorG": 86,
            "ColorR": 0,
            "IntervalsFrom": [
              97,
              113,
              117,
              157,
              201,
              229,
              233,
              253,
              261
            ],
            "IntervalsTo": [
              97,
              113,
              117,
              157,
              201,
              229,
              233,
              253,
              261
            ],
            "Name": "Hand_Right",
            "NrOfIntervals": 9
          }
        ],
        "FileName": "sub-02_ses-01_MainExp_run-5.prt",
        "Name": "newbi4fmri_MainExp",
        "NrOfConditions": 6,
        "TimeCourseColors": {
          "RefTCPenThick": 3,
          "RefTimeCourseB": 80,
          "RefTimeCourseG": 0,
          "RefTimeCourseR": 0,
          "TCBackColorB": 0,
          "TCBackColorG": 0,
          "TCBackColorR": 0,
          "TCPenThick": 3,
          "TCTextColorB": 255,
          "TCTextColorG": 255,
          "TCTextColorR": 255,
          "TimeCourseB": 255,
          "TimeCourseG": 255,
          "TimeCourseR": 255
        },
        "TimeResolution": "Volumes"
      },
      "SliceAcquisitionOrder": 5,
      "SliceAcquisitionOrderVerified": true,
      "SliceGap": 0,
      "SliceThickness": 2.5,
      "SliceTimingTable": [
        0,
        0.5275,
        0.0775,
        0.605,
        0.1525,
        0.68,
        0.2275,
        0.755,
        0.3025,
        0.83,
        0.3775,
        0.905,
        0.4525,
        0,
        0.5275,
        0.0775,
        0.605,
        0.1525,
        0.68,
        0.2275,
        0.755,
        0.3025,
        0.83,
        0.3775,
        0.905,
        0.4525,
        0,
        0.5275,
        0.0775,
        0.605,
        0.1525,
        0.68,
        0.2275,
        0.755,
        0.3025,
        0.83,
        0.3775,
        0.905,
        0.4525,
        0,
        0.5275,
        0.0775,
        0.605,
        0.1525,
        0.68,
        0.2275,
        0.755,
        0.3025,
        0.83,
        0.3775,
        0.905,
        0.4525
      ],
      "SliceTimingTableSize": 52,
      "TE": 0.028,
      "TR": 1,
      "TimeResolutionVerified": true,
      "Version": 1,
      "VoxelResolutionVerified": true
    },
    "ConversionSoftware": "BrainVoyager",
    "ConversionSoftwareVersion": "21.4.5.4030",
    "ImageNumber": 1,
    "ImageOrientationPatientDICOM": [
      1,
      0,
      0,
      0,
      0.89415423930183,
      -0.4477590829213
    ],
    "ImagePositionPatientDICOM": [
      -839.86235119402,
      -787.57645752843,
      297.123664505
    ],
    "ImageType": "ORIGINAL PRIMARY M MB ND NORM MOSAIC",
    "MagneticFieldStrength": 3,
    "Manufacturer": "SIEMENS",
    "ManufacturersModelName": "Prisma_fit",
    "Modality": "MR",
    "NrOfTemporalPositions": 0,
    "PatientPosition": "HFS",
    "RepetitionTime": 1,
    "SeriesDescription": "ep_mb4_2.5iso",
    "SeriesNumber": 9,
    "SiemensMosaicSliceAcqOrder": 3,
    "SiemensMosaicTE": 0.028,
    "SiemensMosaicTR": 1,
    "SliceThickness": 2.5,
    "SliceTiming": [
      0,
      0.5275,
      0.0775,
      0.605,
      0.1525,
      0.68,
      0.2275,
      0.755,
      0.3025,
      0.83,
      0.3775,
      0.905,
      0.4525,
      0,
      0.5275,
      0.0775,
      0.605,
      0.1525,
      0.68,
      0.2275,
      0.755,
      0.3025,
      0.83,
      0.3775,
      0.905,
      0.4525,
      0,
      0.5275,
      0.0775,
      0.605,
      0.1525,
      0.68,
      0.2275,
      0.755,
      0.3025,
      0.83,
      0.3775,
      0.905,
      0.4525,
      0,
      0.5275,
      0.0775,
      0.605,
      0.1525,
      0.68,
      0.2275,
      0.755,
      0.3025,
      0.83,
      0.3775,
      0.905,
      0.4525
    ],