{
  "aor": 0.0023428057553956834,
  "aqi": 0.005772058633093526,
  "bids_meta": {
    "AcquisitionNumber": 1,
    "AcquisitionTime": "13:32:44.362500",
    "BrainVoyagerInfo": {
      "AcquisitionTime": "133244.362500",
      "CalculatedDicomSlice1CenterX": -2.16046142578125,
      "CalculatedDicomSlice1CenterY": -21.673179626464844,
      "CalculatedDicomSlice1CenterZ": -96.54534912109375,
      "CalculatedDicomSliceNCenterX": -2.7935492992401123,
      "CalculatedDicomSliceNCenterY": 7.441711902618408,
      "CalculatedDicomSliceNCenterZ": 27.584314346313477,
      "CoordinateSystem": 1,
      "DataStorageFormat": 2,
      "DataType": 2,
      "DicomColDirX": 0,
      "DicomColDirY": 0.9735779762268066,
      "DicomColDirZ": -0.22835488617420197,
      "DicomFoVCols": 210,
      "DicomFoVRows": 210,
      "DicomGapThickness": 0,
      "DicomNCols": 84,
      "DicomNRows": 84,
      "DicomPosInfoPresent": 1,
      "DicomRowDirX": 0.9999876618385315,
      "DicomRowDirY": 0.0011339038610458374,
      "DicomRowDirZ": 0.004834191408008337,
      "DicomSliceThickness": 2.5,
      "DocumentType": "FMR",
      "MultiBandSequence": true,
      "NrOfPastSpatialTransformations": 0,
      "NrOfPreprocessingSteps": 0,
      "NrOfSkippedVolumes": 0,
      "Protocol": {
        "Conditions": [
          {
            "ColorB": 255,
            "ColorG": 163,
            "ColorR": 255,
            "IntervalsFrom": [
              89,
              101,
              113,
              181,
              189,
              229,
              233,
              261
            ],
            "IntervalsTo": [
              89,
              101,
              113,
              181,
              189,
              229,
              233,
              261
            ],
            "Name": "Face_Left",
            "NrOfIntervals": 8
          },
          {
            "ColorB": 255,
            "ColorG": 0,
            "ColorR": 255,
            "IntervalsFrom": [
              45,
              53,
              77,
              129,
              153,
              213,
              237,
              257
            ],
            "IntervalsTo": [
              45,
              53,
              77,
              129,
              153,
              213,
              237,
              257
            ],
            "Name": "Face_Center",
            "NrOfIntervals": 8
          },
          {
            "ColorB": 95,
            "ColorG": 2,
            "ColorR": 187,
            "IntervalsFrom": [
              81,
              85,
              97,
              149,
              161,
              165,
              193,
              197,
              205,
              245
            ],
            "IntervalsTo": [
              81,
              85,
              97,
              149,
              161,
              165,
              193,
              197,
              205,
              245
            ],
            "Name": "Face_Right",
            "NrOfIntervals": 10
          },
          {
            "ColorB": 126,
            "ColorG": 255,
            "ColorR": 126,
            "IntervalsFrom": [
              65,
              73,
              117,
              121,
              169,
              209,
              225,
              241
            ],
            "IntervalsTo": [
              65,
              73,
              117,
              121,
              169,
              209,
              225,
              241
            ],
            "Name": "Hand_Left",
            "NrOfIntervals": 8
          },
          {
            "ColorB": 0,
            "ColorG": 199,
            "ColorR": 0,
            "IntervalsFrom": [
              21,
              41,
              61,
              105,
              141,
              145,
              217,
              249,
              253
            ],
            "IntervalsTo": [
              21,
              41,
              61,
              105,
              141,
              145,
              217,
              249,
              253
            ],
            "Name": "Hand_Center",
            "NrOfIntervals": 9
          },
          {
            "ColorB": 0,
            "ColorG": 86,
            "ColorR": 0,
            "IntervalsFrom": [
              17,
              29,
              33,
              93,
              125,
              133,
              157,
              177
            ],
            "IntervalsTo": [
              17,
              29,
              33,
              93,
              125,
              133,
              157,
              177
            ],
            "Name": "Hand_Right",
            "NrOfIntervals": 8
          }
        ],
        "FileName": "sub-13_ses-01_MainExp_run-1.prt",
        "Name": "newbi4fmri_MainExp",
        "NrOfConditions": 6,
        "TimeCourseColors": {
          "RefTCPenThick": 3,
          "RefTimeCourseB": 80,
          "RefTimeCourseG": 0,
          "RefTimeCourseR": 0,
          "TCBackColorB": 0,
          "TCBackColorG": 0,
          "TCBackColorR": 0,
          "TCPenThick": 3,
          "TCTextColorB": 255,
          "TCTextColorG": 255,
          "TCTextColorR": 255,
          "TimeCourseB": 255,
          "TimeCourseG": 255,
          "TimeCourseR": 255
        },
        "TimeResolution": "Volumes"
      },
      "SliceAcquisitionOrder": 5,
      "SliceAcquisitionOrderVerified": true,
      "SliceGap": 0,
      "SliceThickness": 2.5,
      "SliceTimingTable": [
        0,
        0.5275,
        0.075,
        0.6025,
        0.15,
        0.6775,
        0.225,
        0.7525,
        0.3,
        0.8275,
        0.375,
        0.9025,
        0.45,
        0,
        0.5275,
        0.075,
        0.6025,
        0.15,
        0.6775,
        0.225,
        0.7525,
        0.3,
        0.8275,
        0.375,
        0.9025,
        0.45,
        0,
        0.5275,
        0.075,
        0.6025,
        0.15,
        0.6775,
        0.225,
        0.7525,
        0.3,
        0.8275,
        0.375,
        0.9025,
        0.45,
        0,
        0.5275,
        0.075,
        0.6025,
        0.15,
        0.6775,
        0.225,
        0.7525,
        0.3,
        0.8275,
        0.375,
        0.9025,
        0.45
      ],
      "SliceTimingTableSize": 52,
      "TE": 0.028,
      "TR": 1,
      "TimeResolutionVerified": true,
      "Version": 1,
      "VoxelResolutionVerified": true
    },
    "ConversionSoftware": "BrainVoyager",
    "ConversionSoftwareVersion": "21.4.5.4030",
    "ImageNumber": 1,
    "ImageOrientationPatientDICOM": [
      0.99998767235105,
      0.0011339038643,
      0.00483419155199,
      -3.2575266e-08,
      0.97357796202714,
      -0.228354881391
    ],
    "ImagePositionPatientDICOM": [
      -840.90011579232,
      -839.21276700091,
      90.932634286518
    ],
    "ImageType": "ORIGINAL PRIMARY M MB ND NORM MOSAIC",
    "MagneticFieldStrength": 3,
    "Manufacturer": "SIEMENS",
    "ManufacturersModelName": "Prisma_fit",
    "Modality": "MR",
    "NrOfTemporalPositions": 0,
    "PatientPosition": "HFS",
    "RepetitionTime": 1,
    "SeriesDescription": "ep_mb4_2.5iso",
    "SeriesNumber": 5,
    "SiemensMosaicSliceAcqOrder": 3,
    "SiemensMosaicTE": 0.028,
    "SiemensMosaicTR": 1,
    "SliceThickness": 2.5,