{
  "aor": 0.0004063082437275985,
  "aqi": 0.004949019139784946,
  "bids_meta": {
    "AcquisitionNumber": 1,
    "AcquisitionTime": "12:39:01.335000",
    "BrainVoyagerInfo": {
      "AcquisitionTime": "123901.335000",
      "CalculatedDicomSlice1CenterX": -1.11236572265625,
      "CalculatedDicomSlice1CenterY": -39.249305725097656,
      "CalculatedDicomSlice1CenterZ": -94.75334167480469,
      "CalculatedDicomSliceNCenterX": -1.11236572265625,
      "CalculatedDicomSliceNCenterY": 12.60961627960205,
      "CalculatedDicomSliceNCenterZ": 21.72370147705078,
      "CoordinateSystem": 1,
      "DataStorageFormat": 2,
      "DataType": 2,
      "DicomColDirX": 0,
      "DicomColDirY": 0.9135454297065735,
      "DicomColDirZ": -0.4067366421222687,
      "DicomFoVCols": 210,
      "DicomFoVRows": 210,
      "DicomGapThickness": 0,
      "DicomNCols": 84,
      "DicomNRows": 84,
      "DicomPosInfoPresent": 1,
      "DicomRowDirX": 1,
      "DicomRowDirY": 0,
      "DicomRowDirZ": 0,
      "DicomSliceThickness": 2.5,
      "DocumentType": "FMR",
      "MultiBandSequence": true,
      "NrOfPastSpatialTransformations": 0,
      "NrOfPreprocessingSteps": 0,
      "NrOfSkippedVolumes": 0,
      "Protocol": {
        "Conditions": [
          {
            "ColorB": 255,
            "ColorG": 163,
            "ColorR": 255,
            "IntervalsFrom": [
              37,
              41,
              53,
              57,
              61,
              133,
              177,
              185,
              237,
              257
            ],
            "IntervalsTo": [
              37,
              41,
              53,
              57,
              61,
              133,
              177,
              185,
              237,
              257
            ],
            "Name": "Face_Left",
            "NrOfIntervals": 10
          },
          {
            "ColorB": 255,
            "ColorG": 0,
            "ColorR": 255,
            "IntervalsFrom": [
              25,
              113,
              153,
              161,
              169,
              173,
              197,
              249
            ],
            "IntervalsTo": [
              25,
              113,
              153,
              161,
              169,
              173,
              197,
              249
            ],
            "Name": "Face_Center",
            "NrOfIntervals": 8
          },
          {
            "ColorB": 95,
            "ColorG": 2,
            "ColorR": 187,
            "IntervalsFrom": [
              65,
              81,
              109,
              125,
              189,
              213,
              221,
              253
            ],
            "IntervalsTo": [
              65,
              81,
              109,
              125,
              189,
              213,
              221,
              253
            ],
            "Name": "Face_Right",
            "NrOfIntervals": 8
          },
          {
            "ColorB": 126,
            "ColorG": 255,
            "ColorR": 126,
            "IntervalsFrom": [
              17,
              21,
              29,
              101,
              141,
              157,
              233,
              241
            ],
            "IntervalsTo": [
              17,
              21,
              29,
              101,
              141,
              157,
              233,
              241
            ],
            "Name": "Hand_Left",
            "NrOfIntervals": 8
          },
          {
            "ColorB": 0,
            "ColorG": 199,
            "ColorR": 0,
            "IntervalsFrom": [
              49,
              73,
              77,
              85,
              89,
              97,
              145,
              165,
              261
            ],
            "IntervalsTo": [
              49,
              73,
              77,
              85,
              89,
              97,
              145,
              165,
              261
            ],
            "Name": "Hand_Center",
            "NrOfIntervals": 9
          },
          {
            "ColorB": 0,
            "ColorG": 86,
            "ColorR": 0,
            "IntervalsFrom": [
              45,
              121,
              129,
              193,
              205,
              209,
              225,
              245
            ],
            "IntervalsTo": [
              45,
              121,
              129,
              193,
              205,
              209,
              225,
              245
            ],
            "Name": "Hand_Right",
            "NrOfIntervals": 8
          }
        ],
        "FileName": "sub-07_ses-01_MainExp_run-2.prt",
        "Name": "newbi4fmri_MainExp",
        "NrOfConditions": 6,
        "TimeCourseColors": {
          "RefTCPenThick": 3,
          "RefTimeCourseB": 80,
          "RefTimeCourseG": 0,
          "RefTimeCourseR": 0,
          "TCBackColorB": 0,
          "TCBackColorG": 0,
          "TCBackColorR": 0,
          "TCPenThick": 3,
          "TCTextColorB": 255,
          "TCTextColorG": 255,
          "TCTextColorR": 255,
          "TimeCourseB": 255,
          "TimeCourseG": 255,
          "TimeCourseR": 255
        },
        "TimeResolution": "Volumes"
      },
      "SliceAcquisitionOrder": 5,
      "SliceAcquisitionOrderVerified": true,
      "SliceGap": 0,
      "SliceThickness": 2.5,
      "SliceTimingTable": [
        0,
        0.5275,
        0.075,
        0.6025,
        0.15,
        0.6775,
        0.2275,
        0.755,
        0.3025,
        0.83,
        0.3775,
        0.905,
        0.4525,
        0,
        0.5275,
        0.075,
        0.6025,
        0.15,
        0.6775,
        0.2275,
        0.755,
        0.3025,
        0.83,
        0.3775,
        0.905,
        0.4525,
        0,
        0.5275,
        0.075,
        0.6025,
        0.15,
        0.6775,
        0.2275,
        0.755,
        0.3025,
        0.83,
        0.3775,
        0.905,
        0.4525,
        0,
        0.5275,
        0.075,
        0.6025,
        0.15,
        0.6775,
        0.2275,
        0.755,
        0.3025,
        0.83,
        0.3775,
        0.905,
        0.4525
      ],
      "SliceTimingTableSize": 52,
      "TE": 0.028,
      "TR": 1,
      "TimeResolutionVerified": true,
      "Version": 1,
      "VoxelResolutionVerified": true
    },
    "ConversionSoftware": "BrainVoyager",
    "ConversionSoftwareVersion": "21.4.5.4030",
    "ImageNumber": 1,
    "ImageOrientationPatientDICOM": [
      1,
      0,
      0,
      0,
      0.91354545891661,
      -0.4067366402143
    ],
    "ImagePositionPatientDICOM": [
      -839.86235119402,
      -805.4855348857,
      246.39701325368
    ],
    "ImageType": "ORIGINAL PRIMARY M MB ND NORM MOSAIC",
    "MagneticFieldStrength": 3,
    "Manufacturer": "SIEMENS",
    "ManufacturersModelName": "Prisma_fit",
    "Modality": "MR",
    "NrOfTemporalPositions": 0,
    "PatientPosition": "HFS",
    "RepetitionTime": 1,
    "SeriesDescription": "ep_mb4_2.5iso",
    "SeriesNumber": 6,
    "SiemensMosaicSliceAcqOrder": 3,
    "SiemensMosaicTE": 0.028,
    "SiemensMosaicTR": 1,
    "SliceThickness": 2.5,
    "SliceTiming": [
      0,
      0.5275,
      0.075,
      0.6025,
      0.15,
      0.6775,
      0.2275,
      0.755,
      0.3025,
      0.83,
      0.3775,
      0.905,
      0.4525,
      0,
      0.5275,
      0.075,
      0.6025,
      0.15,
      0.6775,
      0.2275,
      0.755,
      0.3025,
      0.83,
      0.3775,
      0.905,
      0.4525,
      0,
      0.5275,
      0.075,
      0.6025,
      0.15,
      0.6775,
      0.2275,
      0.755,
      0.3025,
      0.83,
      0.3775,
      0.905,
      0.4525,
      0,
      0.5275,
      0.075,
      0.6025,
      0.15,
      0.6775,
      0.2275,
      0.755,
      0.3025,
      0.83,
      0.3775,
      0.905,
      0.4525
    ],